{
    "root_group": {
        "name": "",
        "path": "",
        "id": "d41d8cd98f00b204e9800998ecf8427e",
        "groups": {},
        "checks": {
                "POST returns 200": {
                    "id": "1851f7587fa93a7fc52d38c425241381",
                    "passes": 170,
                    "fails": 0,
                    "name": "POST returns 200",
                    "path": "::POST returns 200"
                },
                "GET returns 200": {
                    "id": "8662799879b4be7845c63caf4e3c0f2f",
                    "passes": 384,
                    "fails": 0,
                    "name": "GET returns 200",
                    "path": "::GET returns 200"
                }
            }
    },
    "metrics": {
        "iterations": {
            "count": 554,
            "rate": 13.34951801330753
        },
        "data_received": {
            "count": 6441795,
            "rate": 155225.37615619926
        },
        "http_req_failed{scenario:write_stress}": {
            "passes": 0,
            "fails": 170,
            "thresholds": {
                "rate<0.1": false
            },
            "value": 0
        },
        "data_sent": {
            "count": 155024,
            "rate": 3735.5517698465464
        },
        "vus_max": {
            "value": 25,
            "min": 25,
            "max": 25
        },
        "http_req_sending": {
            "p(95)": 0.09857780000000005,
            "avg": 0.043602436823104725,
            "min": 0.007104,
            "med": 0.0355815,
            "max": 0.963957,
            "p(90)": 0.0721052
        },
        "http_req_blocked": {
            "p(90)": 0.0177442,
            "p(95)": 0.05181360000000034,
            "avg": 21.938005758122767,
            "min": 0.002274,
            "med": 0.0096925,
            "max": 602.871809
        },
        "http_req_receiving": {
            "med": 0.303385,
            "max": 1403.619877,
            "p(90)": 435.34593979999977,
            "p(95)": 814.05845715,
            "avg": 131.6324829873646,
            "min": 0.020076
        },
        "http_req_failed": {
            "passes": 0,
            "fails": 554,
            "value": 0
        },
        "checks": {
            "passes": 554,
            "fails": 0,
            "value": 1
        },
        "iteration_duration": {
            "med": 1335.012218,
            "max": 2726.551182,
            "p(90)": 2181.6259796,
            "p(95)": 2280.9156447000005,
            "avg": 1475.1690115649822,
            "min": 1113.56414
        },
        "http_req_duration{scenario:read_load}": {
            "avg": 573.681444502604,
            "min": 116.967444,
            "med": 387.7012455,
            "max": 1725.746345,
            "p(90)": 1253.9809385,
            "p(95)": 1335.5846176,
            "thresholds": {
                "p(95)<3000": false
            }
        },
        "http_req_tls_handshaking": {
            "avg": 13.560517131768954,
            "min": 0,
            "med": 0,
            "max": 378.422485,
            "p(90)": 0,
            "p(95)": 0
        },
        "vus": {
            "max": 25,
            "value": 1,
            "min": 1
        },
        "http_reqs": {
            "count": 554,
            "rate": 13.34951801330753
        },
        "http_req_duration{expected_response:true}": {
            "max": 1725.746345,
            "p(90)": 1180.5375325999998,
            "p(95)": 1279.8055766500001,
            "avg": 452.3772532454874,
            "min": 113.085173,
            "med": 313.6767205
        },
        "http_req_waiting": {
            "p(90)": 628.3506268999997,
            "p(95)": 1111.7378807,
            "avg": 320.70116782129963,
            "min": 111.097244,
            "med": 217.514075,
            "max": 1684.668531
        },
        "http_req_connecting": {
            "p(90)": 0,
            "p(95)": 0,
            "avg": 6.75305765703971,
            "min": 0,
            "med": 0,
            "max": 248.903809
        },
        "http_req_duration": {
            "avg": 452.3772532454874,
            "min": 113.085173,
            "med": 313.6767205,
            "max": 1725.746345,
            "p(90)": 1180.5375325999998,
            "p(95)": 1279.8055766500001
        }
    }
}