{
    "root_group": {
        "groups": {},
        "checks": {
                "POST returns 200": {
                    "fails": 0,
                    "name": "POST returns 200",
                    "path": "::POST returns 200",
                    "id": "1851f7587fa93a7fc52d38c425241381",
                    "passes": 170
                },
                "GET returns 200": {
                    "fails": 0,
                    "name": "GET returns 200",
                    "path": "::GET returns 200",
                    "id": "8662799879b4be7845c63caf4e3c0f2f",
                    "passes": 419
                }
            },
        "name": "",
        "path": "",
        "id": "d41d8cd98f00b204e9800998ecf8427e"
    },
    "metrics": {
        "iteration_duration": {
            "med": 1355.511429,
            "max": 2993.522732,
            "p(90)": 1608.6243920000002,
            "p(95)": 1758.1863958000001,
            "avg": 1394.935490344652,
            "min": 1112.543188
        },
        "vus": {
            "min": 2,
            "max": 25,
            "value": 2
        },
        "data_received": {
            "count": 13151938,
            "rate": 319912.70901622984
        },
        "http_req_failed{scenario:write_stress}": {
            "passes": 0,
            "fails": 170,
            "thresholds": {
                "rate<0.1": false
            },
            "value": 0
        },
        "vus_max": {
            "value": 25,
            "min": 25,
            "max": 25
        },
        "http_req_waiting": {
            "med": 219.794146,
            "max": 1498.147202,
            "p(90)": 394.5289700000001,
            "p(95)": 440.79569500000014,
            "avg": 248.6414986587438,
            "min": 112.044217
        },
        "http_req_failed": {
            "passes": 0,
            "fails": 589,
            "value": 0
        },
        "http_req_receiving": {
            "med": 105.436572,
            "max": 1646.922702,
            "p(90)": 290.00999240000004,
            "p(95)": 344.84362920000007,
            "avg": 124.60689611884561,
            "min": 0.033288
        },
        "http_req_tls_handshaking": {
            "min": 0,
            "med": 0,
            "max": 623.806139,
            "p(90)": 0,
            "p(95)": 0,
            "avg": 13.426763361629883
        },
        "http_req_duration{expected_response:true}": {
            "avg": 373.29387650254637,
            "min": 112.204277,
            "med": 344.625033,
            "max": 1993.007532,
            "p(90)": 546.5582542,
            "p(95)": 643.7938296000001
        },
        "http_req_duration{scenario:read_load}": {
            "med": 395.381604,
            "max": 1993.007532,
            "p(90)": 582.9265762,
            "p(95)": 735.2877646999991,
            "avg": 448.7094878687349,
            "min": 236.971185,
            "thresholds": {
                "p(95)<3000": false
            }
        },
        "http_req_duration": {
            "max": 1993.007532,
            "p(90)": 546.5582542,
            "p(95)": 643.7938296000001,
            "avg": 373.29387650254637,
            "min": 112.204277,
            "med": 344.625033
        },
        "http_reqs": {
            "count": 589,
            "rate": 14.327058537727245
        },
        "http_req_connecting": {
            "p(95)": 0,
            "avg": 6.740506957555179,
            "min": 0,
            "med": 0,
            "max": 358.476692,
            "p(90)": 0
        },
        "http_req_sending": {
            "min": 0.01068,
            "med": 0.044175,
            "max": 0.303014,
            "p(90)": 0.0695904,
            "p(95)": 0.08375760000000003,
            "avg": 0.045481724957555175
        },
        "iterations": {
            "count": 589,
            "rate": 14.327058537727245
        },
        "http_req_blocked": {
            "p(95)": 0.048094600000000105,
            "avg": 20.689024292020363,
            "min": 0.003554,
            "med": 0.012643,
            "max": 847.325666,
            "p(90)": 0.019526
        },
        "checks": {
            "passes": 589,
            "fails": 0,
            "value": 1
        },
        "data_sent": {
            "count": 160134,
            "rate": 3895.159918302911
        }
    }
}